0,1,2,3,4,5,6,7,8,9,10,11,12,13,14,15,16,17,18,19,20,21,22,23,24,25,26,27,28,29,30,31,32,33,34,35,36,37,38,39,40,41,42,43,44,45,46,condition,trial,47,48,49,50,51,52,53,54,55,56,57,58,59,60,61,62,63,64,65,66,67,68,69,70,71,72,73,74,75,76,77,78,79,80,81,82,83,84,85,86,87,88,89,90,91,92,93,94,95,96,97,98,99,100,101,102,103,104,105,106,107,108,109,110,111,112,113,114,115,116,117,118,119,120,121,122,123,124,125,126,127,128,129,130,131,132,133,134,135,136,137,138,139
-1.5615984999984502,-1.3829734999984502,-1.3722859999984502,-1.3146297499984503,-1.0105047499984503,-0.9903172499984503,-0.7920359999984503,-0.7799422499984503,-0.7744109999984503,-0.2145047499984503,2.063369249999523,2.400525499999523,2.845712999999523,2.853150499999523,5.039836999997497,5.2580244999974965,5.50739850000292,5.785398500002921,5.97024225000292,5.986336000002921,6.739148500002921,6.793398500002921,7.872085000000894,7.878366250000894,7.885866250000894,8.937866250000894,8.945491250000893,10.276960000000894,10.282116250000895,10.303553750000894,10.474896499998868,10.480083999998868,10.505021499998868,10.507458999998867,10.519646499998867,10.527490249998868,11.015708999998868,12.123927749998867,14.059145499996841,15.513894500002264,19.66008100000024,20.08201850000024,20.64995499999821,23.068454000003637,23.108954000003635,23.114829000003635,23.131422750003637,0,1,,,,,,,,,,,,,,,,,,,,,,,,,,,,,,,,,,,,,,,,,,,,,,,,,,,,,,,,,,,,,,,,,,,,,,,,,,,,,,,,,,,,,,,,,,,,,
3.7861394999995825,7.16010625000298,7.16666875000298,7.17857500000298,8.80445000000298,8.81688750000298,17.712789750002326,19.5855700000003,19.590882500000298,,,,,,,,,,,,,,,,,,,,,,,,,,,,,,,,,,,,,,,0,1,,,,,,,,,,,,,,,,,,,,,,,,,,,,,,,,,,,,,,,,,,,,,,,,,,,,,,,,,,,,,,,,,,,,,,,,,,,,,,,,,,,,,,,,,,,,,
-0.9544944999963045,2.932222249999642,3.3256597499996423,3.3332847499996423,4.665472249999643,7.8938765000030395,7.89903275000304,7.90756400000304,8.00387650000304,9.87984525000304,9.911064000003039,11.684438000001013,11.692250500001013,11.959250500001014,11.965344250001014,11.971813000001013,12.382375500001013,12.400594250001014,12.404031750001014,12.406875500001012,12.410469250001013,12.662936999998987,13.999749499998988,14.009280749998986,15.93618599999696,15.94356099999696,16.76996724999696,16.77565474999696,16.87509224999696,16.89881099999696,16.90843599999696,16.91227974999696,16.94962349999696,17.04715474999696,17.096935999996962,17.479622500002385,17.506622500002383,17.514622500002385,20.95993400000036,20.968152750000357,20.975246500000356,20.99602775000036,22.52002674999833,22.52693299999833,23.422276749998332,23.43377674999833,23.442714249998332,0,1,23.62530799999833,23.64724549999833,23.65580799999833,23.66705799999833,,,,,,,,,,,,,,,,,,,,,,,,,,,,,,,,,,,,,,,,,,,,,,,,,,,,,,,,,,,,,,,,,,,,,,,,,,,,,,,,,,,,,,,,,
-0.2224742500036955,-0.2141617500036955,-0.2053492500036955,-0.1912242500036955,0.013056999996304513,6.897241499997675,6.903428999997676,7.2664914999976755,9.653678000003099,11.688645750001072,11.706864500001073,11.893208250001074,11.924083250001074,12.547895750001073,12.584208250001073,15.794175999999046,18.43701874999702,19.298080250002442,19.303861500002444,19.319049000002444,19.333267750002445,21.295610500000418,,,,,,,,,,,,,,,,,,,,,,,,,,0,1,,,,,,,,,,,,,,,,,,,,,,,,,,,,,,,,,,,,,,,,,,,,,,,,,,,,,,,,,,,,,,,,,,,,,,,,,,,,,,,,,,,,,,,,,,,,,
-0.28142175000160935,-0.27532800000160934,-0.23123425000160933,-0.21979675000160934,-0.19735925000160934,0.49020224999636414,0.4973584999963641,0.5059834999963642,0.5185147499963642,1.3394209999963642,1.3637334999963642,1.490795999996364,3.764263750001788,3.771763750001788,3.779982500001788,3.790701250001788,4.882043999999762,5.233231499999762,6.081137749999762,6.0897939999997615,8.291292999997735,10.945729500003159,10.953573250003158,10.96860450000316,10.980354500003159,12.037010750003159,12.625322250001133,12.642853500001133,12.649666000001133,12.659197250001132,12.783447250001133,13.951228500001132,14.092697250001132,14.136134750001132,14.668259750001132,15.728321249999105,15.736352499999105,16.194664999999105,16.328008749999107,18.93291399999708,19.39257024999708,19.45782024999708,19.57060149999708,19.861881750002503,20.901600500002502,20.916194250002505,21.005381750002503,0,1,21.010069250002502,21.843319250002505,22.955443250000478,23.105287000000477,23.118099500000476,23.127943250000477,23.138505750000476,23.155255750000478,,,,,,,,,,,,,,,,,,,,,,,,,,,,,,,,,,,,,,,,,,,,,,,,,,,,,,,,,,,,,,,,,,,,,,,,,,,,,,,,,,,,,
-1.896931749999523,2.4972849999964235,3.510377750001848,4.019940250001848,5.198877750001848,5.787252750001848,7.753845499999821,8.34528299999982,9.977281999997794,10.031125749997795,10.043438249997795,10.504375749997795,10.513875749997794,10.530750749997795,11.175656000003219,11.20349975000322,12.18968725000322,12.195749750003218,15.293123750001191,15.305280000001192,15.730967500001192,17.405403999999166,17.422591499999164,17.425653999999167,17.431153999999164,17.439403999999165,17.797247749999165,22.15971450000256,22.168933250002564,22.264902000002564,22.276808250002563,22.28033950000256,23.038589500002562,23.233120750002563,,,,,,,,,,,,,,0,1,,,,,,,,,,,,,,,,,,,,,,,,,,,,,,,,,,,,,,,,,,,,,,,,,,,,,,,,,,,,,,,,,,,,,,,,,,,,,,,,,,,,,,,,,,,,,
-1.0374739999994635,1.6080562499985098,1.6147124999985099,1.62477499999851,1.8785562499985098,1.8868062499985099,5.393523000001907,5.396710500001907,5.404179250001907,6.905179250001908,6.911741750001907,6.921960500001908,7.092615749999881,7.10677199999988,9.237459499999881,9.25777199999988,9.45827199999988,9.46645949999988,9.48170949999988,9.512678249999881,10.266645999997854,10.271895999997854,10.282020999997854,13.047270000003278,13.056395000003278,14.050863750003279,14.356207500003277,17.02755025000125,17.03376900000125,17.04245650000125,17.935955499999224,17.944517999999224,17.959955499999225,17.982549249999224,18.002799249999224,18.008330499999225,18.056205499999226,19.318299249999225,19.336361749999224,22.943891000002623,22.962234750002622,23.369391000002622,,,,,,0,1,,,,,,,,,,,,,,,,,,,,,,,,,,,,,,,,,,,,,,,,,,,,,,,,,,,,,,,,,,,,,,,,,,,,,,,,,,,,,,,,,,,,,,,,,,,,,
-1.9839839999973774,-1.9670152499973774,-1.9558902499973774,-0.16035999999940395,0.8179514999985695,1.7098889999985696,1.7198264999985695,1.7326077499985695,1.8770452499985695,1.9527327499985694,2.3250452499985697,3.623387999996543,3.635762999996543,4.031356749996543,4.250450499996543,4.253106749996543,4.256794249996543,4.352887999996543,6.488012000001967,6.496574500001967,6.508387000001967,6.5283245000019665,8.44563599999994,9.19601099999994,9.39329224999994,9.66879224999994,9.93901099999994,12.057009999997915,12.239728749997914,15.483352750003338,17.067445500001313,17.07260175000131,17.085008000001313,17.09260175000131,17.132070500001312,17.14713300000131,17.41819550000131,17.427133000001312,19.361381999999285,20.771443499997257,21.92975599999726,22.25575599999726,22.84291224999726,22.880974749997257,,,,0,1,,,,,,,,,,,,,,,,,,,,,,,,,,,,,,,,,,,,,,,,,,,,,,,,,,,,,,,,,,,,,,,,,,,,,,,,,,,,,,,,,,,,,,,,,,,,,
-1.5031512499973179,0.26962900000065565,0.2776915000006557,0.28725400000065565,0.6822227500006557,0.6965352500006556,0.7024727500006557,2.4659092499986293,4.873189499996602,4.903095749996602,4.907939499996602,6.451876999996602,6.523313500002026,6.768469750002026,8.417501000002027,11.728905249997974,11.747155249997974,11.756092749997974,11.791842749997974,12.147623999997974,12.339342749997973,15.576685500003398,17.990497000001373,18.00309075000137,19.616714749999343,20.159777249999344,21.146652249999345,21.152964749999345,21.160683499999344,21.64483874999732,22.25377624999732,22.25980749999732,22.268901249997317,22.760026249997317,22.77043249999732,22.780932499997316,22.792307499997317,23.514526249997317,23.522682499997316,23.547463749997316,,,,,,,,0,1,,,,,,,,,,,,,,,,,,,,,,,,,,,,,,,,,,,,,,,,,,,,,,,,,,,,,,,,,,,,,,,,,,,,,,,,,,,,,,,,,,,,,,,,,,,,,
-0.6961622499972582,-0.6875372499972582,-0.6774122499972581,-0.36034974999725816,-0.3090372499972582,0.42208675000071527,0.43264925000071525,3.2503357499986887,3.2628669999986886,3.2763669999986886,4.3617107499986885,4.649773249998689,4.660929499998689,4.7832107499986884,5.066929499998689,5.096991999998688,5.915647249996662,5.924584749996662,6.426490999996662,9.606302500002085,9.616958750002086,9.639396250002086,9.920896250002086,9.948552500002085,9.976208750002087,9.988583750002086,10.047896250002086,11.32833275000006,11.338739000000059,11.79017650000006,11.800207750000059,11.80642650000006,11.81592650000006,12.10930150000006,14.267956749998033,14.275831749998034,14.284706749998033,14.293237999998032,14.515800499998033,16.15648700000346,16.165768250003456,16.17317450000346,17.96595475000143,17.98307975000143,17.99279850000143,18.07145475000143,19.087111000001432,0,1,20.029423500001432,21.731891249999403,22.523922499999404,22.529922499999405,22.538859999999403,,,,,,,,,,,,,,,,,,,,,,,,,,,,,,,,,,,,,,,,,,,,,,,,,,,,,,,,,,,,,,,,,,,,,,,,,,,,,,,,,,,,,,,,
-0.2807044999971986,0.4389205000028014,0.4659830000028014,3.156357000000775,5.1986372499987485,5.212137249998748,8.491917499996722,8.497073749996721,8.504573749996721,8.573448749996722,10.671947750002145,10.677572750002145,10.687604000002146,14.121851999998093,14.126820749998092,14.247351999998093,14.281976999998093,14.309883249998093,14.313508249998092,14.322726999998093,14.335226999998092,16.464726000003516,16.474413500003518,17.599757250003517,17.605507250003516,20.26835000000149,20.27185000000149,20.28610000000149,22.033817749999464,22.040348999999463,22.046880249999464,23.715066749997437,23.743597999997437,23.753347999997438,23.809535499997438,23.94981674999744,,,,,,,,,,,,0,1,,,,,,,,,,,,,,,,,,,,,,,,,,,,,,,,,,,,,,,,,,,,,,,,,,,,,,,,,,,,,,,,,,,,,,,,,,,,,,,,,,,,,,,,,,,,,
-0.728620750002563,-0.696027000002563,-0.34612174999713896,-0.335277999997139,-0.328621749997139,-0.324840499997139,-0.22084049999713898,-0.13230924999713897,0.519534500002861,0.529128250002861,0.5455345000028611,2.4218460000008344,4.261064750000834,4.855344999998808,4.865438749998808,5.365188749998808,7.181250249996781,7.304343999996782,8.122843999996782,8.125125249996781,8.132562749996781,8.136281499996782,8.793218999996782,9.54821899999678,9.554062749996781,10.562968000002206,10.723968000002206,10.870811750002206,10.878124250002205,14.127623250000179,15.830028499998152,16.71337224999815,16.831747249998152,16.83780974999815,16.84577849999815,17.438433750003576,17.444121250003576,17.453840000003577,18.039746250003578,18.059246250003575,18.064652500003575,18.072840000003577,20.10608900000155,20.115776500001548,20.12505775000155,20.60121400000155,20.60793275000155,0,1,20.61643275000155,21.29908900000155,21.30683900000155,21.38402650000155,,,,,,,,,,,,,,,,,,,,,,,,,,,,,,,,,,,,,,,,,,,,,,,,,,,,,,,,,,,,,,,,,,,,,,,,,,,,,,,,,,,,,,,,,
-0.4708505000025034,-0.4618817500025034,-0.4520692500025034,-0.4383505000025034,0.7482119999974967,0.7554307499974966,0.7652119999974966,0.7658057499974966,0.7715244999974966,0.7757432499974966,1.1659922500029207,1.1722422500029206,1.1811172500029206,1.1912110000029206,2.4521797500029208,2.4601797500029208,2.6574922500029206,5.377585000000894,5.385397500000894,6.7013027499988675,6.822615249998868,7.013865249998868,7.044083999998867,7.049052749998867,7.055333999998868,7.073240249998867,8.53642674999684,8.54136424999684,9.773551749996841,9.786614249996841,10.47977049999684,10.498207999996842,10.809394500002265,11.208144500002264,11.228519500002266,11.262957000002265,11.278738250002265,12.023957000002264,12.037644500002266,12.051082000002266,13.259987250000238,13.265143500000239,13.93098725000024,13.951049750000239,13.960487250000238,14.735862250000238,14.742331000000238,0,1,14.761706000000238,14.811362250000238,14.819924750000238,15.022956000000239,15.05508100000024,15.885611249998211,18.724391500003637,20.130454000003635,20.367172750003636,20.373297750003637,20.382110250003635,20.91626550000161,20.92157800000161,20.93089050000161,22.349546750001608,22.794859250001608,,,,,,,,,,,,,,,,,,,,,,,,,,,,,,,,,,,,,,,,,,,,,,,,,,,,,,,,,,,,,,,,,,,,,,,,,,,,,
0.9809197499975562,1.215982249997556,1.4727322499975561,3.57279375000298,3.79195000000298,3.9845750000029803,4.04441875000298,4.568386500000954,5.495386500000953,5.505511500000954,5.935917750000954,6.048511500000954,8.296104249998928,14.022133500002324,14.027977250002325,15.141320000000299,15.147726250000298,15.160226250000298,16.0751950000003,16.0828825000003,16.3462262500003,22.641160750001667,,,,,,,,,,,,,,,,,,,,,,,,,,0,1,,,,,,,,,,,,,,,,,,,,,,,,,,,,,,,,,,,,,,,,,,,,,,,,,,,,,,,,,,,,,,,,,,,,,,,,,,,,,,,,,,,,,,,,,,,,,
-1.5840590000003576,-1.5664340000003576,-1.5620590000003576,-1.4333090000003577,-1.4250902500003577,-0.6792152500003577,0.3864409999996424,0.4039722499996424,0.7109399999976158,0.7245024999976158,5.03890775000304,5.04609525000304,5.07487650000304,5.2673765000030395,5.58159525000304,6.473625500001013,6.479063000001013,7.080719250001013,7.087500500001013,7.867531750001013,9.489218249998986,9.506311999998987,10.191499499998987,10.269593249998987,10.314780749998986,10.94640474999696,10.95993599999696,13.540122500002385,13.545653750002383,13.564903750002385,13.781185000002385,14.165435000002384,14.172028750002385,14.183778750002384,15.192841250002385,15.205497500002384,15.804652750000358,15.812840250000358,15.821777750000358,16.058746500000357,16.931465250000358,16.93534025000036,16.94087150000036,17.180621500000356,17.43965275000036,17.444402750000357,17.455777750000358,0,1,17.74165275000036,17.75937150000036,18.70418299999833,20.569651749998332,20.577745499998333,22.319150749996304,22.444463249996303,22.451213249996304,22.461306999996303,22.697994499996305,23.32733725000173,23.35080600000173,23.356431000001727,23.368149750001727,23.805931000001728,23.813181000001727,23.81905600000173,,,,,,,,,,,,,,,,,,,,,,,,,,,,,,,,,,,,,,,,,,,,,,,,,,,,,,,,,,,,,,,,,,,,,,,,,,,,
-0.412820000000298,-0.40513250000029805,-0.262163750000298,0.04602374999970198,0.20864874999970198,0.220054999999702,1.306492499999702,4.5150217500031,5.0336780000031,5.0403342500031,5.0490530000030995,5.408396750003099,6.956083250001073,6.974427000001073,8.313739500001073,10.081832249999046,10.750644749999047,10.756363499999047,13.51958124999702,13.52489374999702,16.521299000002443,19.97042199999839,20.948703249998392,20.955765749998392,,,,,,,,,,,,,,,,,,,,,,,,0,1,,,,,,,,,,,,,,,,,,,,,,,,,,,,,,,,,,,,,,,,,,,,,,,,,,,,,,,,,,,,,,,,,,,,,,,,,,,,,,,,,,,,,,,,,,,,,
-0.8770174999982119,-0.8166424999982118,-0.7856112499982119,0.8507314999997616,0.8583564999997616,0.8728877499997616,0.8840752499997616,0.9009814999997616,1.7599502499997617,2.0444189999997615,5.165980499997735,7.845885750003159,7.854542000003159,7.865948250003159,15.28238274999708,15.29666399999708,15.30085149999708,16.6407880000025,16.680444250002502,16.685600500002504,16.691881750002505,17.162163000002504,22.973003749996423,22.979222499996425,22.986722499996425,22.997909999996423,23.756159999996424,,,,,,,,,,,,,,,,,,,,,0,1,,,,,,,,,,,,,,,,,,,,,,,,,,,,,,,,,,,,,,,,,,,,,,,,,,,,,,,,,,,,,,,,,,,,,,,,,,,,,,,,,,,,,,,,,,,,,
0.09768275000154972,0.4269004999995232,0.43133799999952316,0.43315049999952315,0.43583799999952316,0.4406192499995232,0.44649424999952314,0.44918174999952315,0.45327549999952316,0.46271299999952314,0.47180674999952316,0.47961924999952316,0.5029942499995231,0.5105879999995232,0.5195567499995232,1.4807129999995232,1.4899942499995231,1.5109942499995233,1.5197754999995232,1.5285567499995232,1.541181749999523,1.550119249999523,1.572244249999523,1.5995254999995232,1.601869249999523,1.6117129999995232,1.7457129999995231,1.7735879999995232,1.8148692499995231,1.862244249999523,1.912837999999523,1.9383379999995232,1.9588379999995231,1.992212999999523,2.0434317499995234,2.0641504999995233,2.1233067499995233,2.161931749999523,2.209275499999523,2.236087999999523,2.302650499999523,2.3414004999995233,2.3679004999995232,2.407181749999523,2.456150499999523,2.4887129999995232,2.5554317499995234,0,2,2.573712999999523,2.5892754999995233,2.6049942499995233,2.661869249999523,2.6981817499995233,2.7530567499995233,2.768150499999523,2.843494249999523,2.8568379999995233,2.9061182499974967,3.2092744999974965,3.2629619999974966,3.276118249997497,3.2898057499974964,3.3649619999974965,3.3969932499974966,3.4394619999974965,3.4598369999974965,3.5245557499974964,3.5421807499974967,3.5803682499974965,3.5938682499974965,3.6361807499974965,3.6622432499974966,3.6720869999974965,3.8522432499974966,4.110336999997497,4.242711999997496,4.270243249997496,4.289868249997497,4.302774499997496,4.3207119999974966,4.3298057499974965,4.403524499997497,4.657024499997497,4.8393057499974965,4.862618249997497,4.880180749997496,4.892774499997497,4.9457119999974966,5.080149499997496,5.119555749997496,5.203743249997497,5.254243249997496,5.267055749997497,5.499523500002921,5.537429750002921,5.5891172500029205,5.766086000002921,5.85561725000292,5.93374225000292,6.106273500002921,6.112242250002921,6.130086000002921,6.14042975000292,6.153398500002921,6.1613047500029205,6.18617975000292,7.33571100000292,7.891053750000894,8.038335000000894,8.567428750000895,11.561208999998868,11.774990249998867,12.205333999998867,12.211583999998867,12.463583999998868,12.778677749998867,12.842801749996841,12.976270499996842,13.13045799999684,14.652676749996841,15.742863250002266,18.11039350000024,18.122331000000237,18.12842475000024,18.131956000000237,18.13483100000024,18.13670600000024,18.14073725000024,18.14564350000024,18.150393500000238,18.15845600000024,18.161081000000237,18.17767475000024,18.181331000000238,18.18501850000024,18.370362250000237,19.12917475000024,20.01226850000024,20.83161124999821,21.461673749998212,21.59814249999821
-0.7871407499983907,-0.38404699999839065,-0.023453249998390675,1.9427019999995827,2.114983249999583,2.130045749999583,2.671076999999583,2.691264499999583,3.500514499999583,3.9915144999995826,4.188357249997556,4.507200999997556,5.1256072499975565,5.2403884999975565,5.341263499997556,5.352482249997556,5.912857249997556,6.065732249997557,6.497607249997556,7.69710625000298,8.48032500000298,8.52401250000298,8.75966875000298,9.480074000000954,10.221980250000954,11.112980250000954,11.128886500000954,11.283855250000954,13.854666749998927,13.879822999998927,14.556728249996901,14.559571999996901,14.6431657499969,14.7279469999969,14.7602594999969,14.9878844999969,14.991884499996901,15.0006969999969,15.1559157499969,15.1657594999969,15.2654469999969,15.2766344999969,15.4793219999969,15.6014782499969,15.6554157499969,16.2170719999969,16.2230407499969,0,2,16.499571000002323,16.505508500002325,16.786383500002323,16.792977250002323,16.972821000002323,16.982821000002325,16.997977250002325,17.228414750002326,17.498852250002326,17.506102250002325,17.572852250002324,17.579571000002325,17.698321000002323,17.799477250002326,18.020633500002326,18.029664750002325,18.085571000002325,18.092571000002323,18.298133500002326,18.305727250002324,18.326071000002326,18.697602250002326,18.704289750002324,18.723008500002326,18.805696000002325,18.817914750002323,19.2676637500003,19.274538750000296,19.452257500000297,19.4582887500003,19.4720075000003,19.734351250000298,19.740257500000297,20.116132500000298,20.6079762500003,20.614788750000297,20.6213512500003,20.624257500000297,20.923382500000297,20.9461637500003,21.219851250000296,21.2362887500003,21.2425700000003,21.61875649999827,21.629162749998272,22.56353774999827,22.844318999998272,23.122568999998272,23.504006499998273,23.547006499998272,,,,,,,,,,,,,,,,,,,,,,,,,,,,,,,,,,,,,,,,,,,
-1.4825569999963044,-1.4774632499963045,-1.4709632499963046,-1.3706507499963045,-1.1998069999963046,-0.7322444999963045,-0.3487757499963045,-0.30124449999630454,0.07975450000166893,0.27597325000166895,0.4262857500016689,1.403473250001669,1.987192000001669,2.1232545000016687,2.179223250001669,2.8757222499996424,2.9386597499996423,3.8431284999996422,3.934909749999642,3.9405972499996422,4.080284749999643,4.836847249999642,5.488221249997616,5.637189999997616,7.62634525000304,8.76828275000304,8.96953275000304,8.97447025000304,10.508000500001014,11.724188000001014,11.738469250001014,12.040844250001014,13.282374499998987,13.287186999998987,14.518155749998988,16.86790474999696,17.41774849999696,17.424403750002384,22.134746500000357,23.99674549999833,,,,,,,,0,2,,,,,,,,,,,,,,,,,,,,,,,,,,,,,,,,,,,,,,,,,,,,,,,,,,,,,,,,,,,,,,,,,,,,,,,,,,,,,,,,,,,,,,,,,,,,,
0.2055882499963045,0.2101507499963045,0.6784319999963045,0.6843382499963045,0.7833382499963045,1.0650257499963045,2.0689622500017286,2.0751810000017286,4.131929999999702,5.101211249999702,9.9259592500031,10.6455530000031,10.650303000003099,10.6576155000031,11.796739500001072,14.399144749999046,17.58592499999702,18.126674999997018,20.838330250002443,21.06601675000042,21.085298000000417,22.229360500000418,22.23426675000042,23.92182824999839,23.92817199999839,,,,,,,,,,,,,,,,,,,,,,,0,2,,,,,,,,,,,,,,,,,,,,,,,,,,,,,,,,,,,,,,,,,,,,,,,,,,,,,,,,,,,,,,,,,,,,,,,,,,,,,,,,,,,,,,,,,,,,,
0.8345772499963641,0.8400772499963641,0.8482647499963641,1.6503272499963642,2.2869512500017883,3.258326250001788,3.3747325000017883,3.410670000001788,3.421013750001788,3.425826250001788,3.430795000001788,3.4368575000017882,3.4433887500017883,3.448982500001788,3.454982500001788,3.4636387500017882,3.4711075000017884,3.519607500001788,3.543045000001788,3.585920000001788,3.606763750001788,4.825981499999761,5.704887749999761,7.366761749997735,8.787542999997735,10.858510750003159,13.366603500001132,13.388259750001133,13.968103500001133,13.974947250001133,13.980228500001132,13.996447250001133,14.004728500001132,14.685353500001133,14.691478500001132,17.109946249999105,19.869475500002505,20.912069250002503,23.079787000000476,23.084380750000477,23.089068250000476,,,,,,,0,2,,,,,,,,,,,,,,,,,,,,,,,,,,,,,,,,,,,,,,,,,,,,,,,,,,,,,,,,,,,,,,,,,,,,,,,,,,,,,,,,,,,,,,,,,,,,,
-1.9476817499995231,-0.8120577500015497,-0.7840577500015498,0.5071922499984503,1.3592537499964237,1.4275974999964238,1.4349412499964238,9.386844499997794,10.134344499997795,14.740373750001192,21.667839500002565,22.06655825000256,23.711994750000535,,,,,,,,,,,,,,,,,,,,,,,,,,,,,,,,,,,0,2,,,,,,,,,,,,,,,,,,,,,,,,,,,,,,,,,,,,,,,,,,,,,,,,,,,,,,,,,,,,,,,,,,,,,,,,,,,,,,,,,,,,,,,,,,,,,
4.325023999996484,4.669023000001907,8.33077199999988,11.483927249997855,11.582052249997854,11.863614749997854,11.872552249997854,13.149020000003278,13.815801250003279,13.848801250003278,13.857270000003279,14.125145000003279,18.244705499999224,19.6577669999972,,,,,,,,,,,,,,,,,,,,,,,,,,,,,,,,,,0,2,,,,,,,,,,,,,,,,,,,,,,,,,,,,,,,,,,,,,,,,,,,,,,,,,,,,,,,,,,,,,,,,,,,,,,,,,,,,,,,,,,,,,,,,,,,,,
2.1924827499985695,5.299637999996543,8.99129224999994,9.30657349999994,9.61016724999994,14.744446500003338,17.70922675000131,19.175131999999284,,,,,,,,,,,,,,,,,,,,,,,,,,,,,,,,,,,,,,,,0,2,,,,,,,,,,,,,,,,,,,,,,,,,,,,,,,,,,,,,,,,,,,,,,,,,,,,,,,,,,,,,,,,,,,,,,,,,,,,,,,,,,,,,,,,,,,,,
-1.5777449999973179,-1.5690887499973178,-0.8293084999993443,-0.21177724999934436,1.2368165000006557,10.64315625,12.297623999997974,15.538498000003397,22.788838749997318,22.933401249997317,23.535276249997317,,,,,,,,,,,,,,,,,,,,,,,,,,,,,,,,,,,,,0,2,,,,,,,,,,,,,,,,,,,,,,,,,,,,,,,,,,,,,,,,,,,,,,,,,,,,,,,,,,,,,,,,,,,,,,,,,,,,,,,,,,,,,,,,,,,,,
-1.0209122499972583,-0.8860997499972582,-0.8810997499972582,-0.16616224999725818,0.08865025000274182,1.3952430000007152,4.663148249998689,6.9219909999966625,16.26436200000346,16.557705750003457,16.601737000003457,20.324297499999403,21.091141249999403,,,,,,,,,,,,,,,,,,,,,,,,,,,,,,,,,,,0,2,,,,,,,,,,,,,,,,,,,,,,,,,,,,,,,,,,,,,,,,,,,,,,,,,,,,,,,,,,,,,,,,,,,,,,,,,,,,,,,,,,,,,,,,,,,,,
-1.3163285000026226,-0.8487044999971985,-0.3234857499971986,0.5713267500028014,2.406950750000775,2.418263250000775,4.640355999998748,5.004199749998748,7.284792499996722,7.304792499996721,10.102229000002145,11.57413425000012,12.216665500000119,14.326226999998093,15.740476999998092,,,,,,,,,,,,,,,,,,,,,,,,,,,,,,,,,0,2,,,,,,,,,,,,,,,,,,,,,,,,,,,,,,,,,,,,,,,,,,,,,,,,,,,,,,,,,,,,,,,,,,,,,,,,,,,,,,,,,,,,,,,,,,,,,
-1.425527000002563,-0.163434249997139,4.875657499998808,6.086001249998808,15.565747249998152,16.57865349999815,22.750587999999524,22.837587999999524,23.106462999999522,23.801712999999523,,,,,,,,,,,,,,,,,,,,,,,,,,,,,,,,,,,,,,0,2,,,,,,,,,,,,,,,,,,,,,,,,,,,,,,,,,,,,,,,,,,,,,,,,,,,,,,,,,,,,,,,,,,,,,,,,,,,,,,,,,,,,,,,,,,,,,
-1.7313495000004768,-1.5668192500025033,-1.0730380000025035,3.2968662500008943,3.503866250000894,4.210741250000894,4.502053750000894,5.593210000000894,5.909646499998868,6.482146499998867,7.027958999998868,7.040615249998868,7.049990249998867,7.068271499998867,7.072365249998867,7.075240249998868,7.077208999998867,7.083990249998868,7.094177749998868,7.098708999998868,7.105771499998868,7.221490249998867,11.610457000002265,11.615082000002264,11.625957000002265,11.856394500002265,12.327207000002264,13.190300750002265,14.467956000000239,15.802798749998212,16.33929874999821,23.260076999999583,,,,,,,,,,,,,,,,0,2,,,,,,,,,,,,,,,,,,,,,,,,,,,,,,,,,,,,,,,,,,,,,,,,,,,,,,,,,,,,,,,,,,,,,,,,,,,,,,,,,,,,,,,,,,,,,
1.9845750000029803,4.514792750000954,4.590230250000953,5.030949000000954,5.038480250000954,5.055230250000954,5.072542750000954,12.927789750002324,15.274007500000298,18.13569399999827,22.92800450000167,,,,,,,,,,,,,,,,,,,,,,,,,,,,,,,,,,,,,0,2,,,,,,,,,,,,,,,,,,,,,,,,,,,,,,,,,,,,,,,,,,,,,,,,,,,,,,,,,,,,,,,,,,,,,,,,,,,,,,,,,,,,,,,,,,,,,
-0.26274650000035765,0.6849399999976158,0.9877837499976159,4.95509525000304,4.9677202500030395,7.714063000001013,11.49121724999696,16.15674650000036,17.74302775000036,17.74918400000036,20.01065174999833,20.04615174999833,22.203494499996303,,,,,,,,,,,,,,,,,,,,,,,,,,,,,,,,,,,0,2,,,,,,,,,,,,,,,,,,,,,,,,,,,,,,,,,,,,,,,,,,,,,,,,,,,,,,,,,,,,,,,,,,,,,,,,,,,,,,,,,,,,,,,,,,,,,
-1.3983814999982715,-0.36278875000029803,-0.24997625000029802,2.4100539999976753,5.8866467500030994,6.517334250003099,11.028957249999046,14.875642750002443,17.712673000000418,20.975421999998392,,,,,,,,,,,,,,,,,,,,,,,,,,,,,,,,,,,,,,0,2,,,,,,,,,,,,,,,,,,,,,,,,,,,,,,,,,,,,,,,,,,,,,,,,,,,,,,,,,,,,,,,,,,,,,,,,,,,,,,,,,,,,,,,,,,,,,
-1.7964549999982118,2.9923564999997616,3.028136749997735,3.882386749997735,7.864135750003159,8.298353500001133,9.417166000001133,16.037600500002505,16.044725500002503,18.014568250000476,22.25853599999845,23.069284999996423,,,,,,,,,,,,,,,,,,,,,,,,,,,,,,,,,,,,0,2,,,,,,,,,,,,,,,,,,,,,,,,,,,,,,,,,,,,,,,,,,,,,,,,,,,,,,,,,,,,,,,,,,,,,,,,,,,,,,,,,,,,,,,,,,,,,
-0.7423797499984502,0.00012025000154972077,3.4268057499974964,3.7299619999974967,4.082743249997496,4.910618249997497,5.81436725000292,6.296023500002921,6.51558600000292,7.877335000000894,8.104085000000895,8.136147500000893,9.219210000000894,11.132958999998868,15.06895799999684,16.376769500002265,16.526363250002266,17.102207000002267,17.868737250000237,18.338331000000238,18.43079975000024,18.69539350000024,18.74636225000024,19.01361225000024,19.24336225000024,19.849049750000237,20.221924750000237,20.261456000000237,20.37051749999821,20.63014249999821,20.76157999999821,21.465236249998213,22.128892499998212,22.227892499998212,22.826735250003637,23.649391500003635,23.740172750003637,23.788954000003635,,,,,,,,,,0,3,,,,,,,,,,,,,,,,,,,,,,,,,,,,,,,,,,,,,,,,,,,,,,,,,,,,,,,,,,,,,,,,,,,,,,,,,,,,,,,,,,,,,,,,,,,,,
-1.2378897499963641,-0.45295324999839065,-0.08326574999839068,0.6622967500016094,0.7838280000016093,1.1458592500016094,1.2661405000016093,1.8115144999995827,2.0822957499995827,2.4238269999995827,3.614139499999583,4.588857249997556,4.877607249997556,4.9751384999975565,5.399169749997556,5.4500134999975565,5.514919749997556,7.82804375000298,8.44091875000298,9.327011500000953,9.614386500000954,9.674824000000953,9.719605250000953,10.179792750000953,10.528605250000954,10.649574000000953,11.869229249998927,12.427447999998927,12.823916749998928,12.917572999998928,13.794072999998928,14.0886969999969,14.1475719999969,14.2145719999969,14.535759499996901,14.753603249996901,14.842478249996901,14.877040749996901,15.447353249996901,16.0551657499969,16.2263844999969,17.305258500002324,18.731289750002325,21.51744399999827,22.34269399999827,23.476787749998273,,0,3,,,,,,,,,,,,,,,,,,,,,,,,,,,,,,,,,,,,,,,,,,,,,,,,,,,,,,,,,,,,,,,,,,,,,,,,,,,,,,,,,,,,,,,,,,,,,
-1.0124632499963044,-0.006556999996304512,0.05553575000166893,0.7708795000016689,1.575254500001669,1.8967232500016689,3.4519097499996425,3.4839097499996425,3.5070347499996424,3.6991284999996425,3.987097249999642,4.460003499999642,4.653878499999642,5.159658749997615,5.499971249997616,5.679283749997616,6.159596249997616,7.7768765000030395,8.08003275000304,8.19606400000304,8.718376500003039,9.45353275000304,9.48581400000304,9.93747025000304,10.184094250001014,11.133469250001014,11.428688000001014,12.262406750001013,12.715499499998987,15.42862349999696,15.81637349999696,18.104310000002386,18.940403750002385,20.37537150000036,21.446840250000356,22.164184000000358,22.363309000000356,22.65433924999833,23.04074549999833,23.191026749998333,23.27390174999833,,,,,,,0,3,,,,,,,,,,,,,,,,,,,,,,,,,,,,,,,,,,,,,,,,,,,,,,,,,,,,,,,,,,,,,,,,,,,,,,,,,,,,,,,,,,,,,,,,,,,,,
-0.8832867500036955,-0.5932867500036955,-0.4208492500036955,0.40821324999630454,0.6655569999963045,0.7742444999963045,1.1487122500017286,1.8675872500017285,2.0893372500017287,4.104367499999702,4.621179999999702,5.467867499999702,5.525554999999702,6.730647749997676,7.145241499997676,7.187553999997675,7.2045539999976755,7.747928999997676,8.008866499997675,9.490521750003099,11.256302000001073,11.331708250001073,11.442177000001072,12.539114500001073,13.041520750001073,13.700425999999046,13.808988499999046,15.173644749999045,16.78761249999702,17.67098749999702,17.95851874999702,18.51420624999702,18.818611500002444,19.250205250002445,19.417236500002442,19.488299000002442,19.602174000002442,19.896455250002443,20.723486500002444,21.174610500000416,21.71189175000042,21.843610500000416,22.141829250000416,22.941641750000418,23.135610500000418,23.249423000000416,23.459860500000417,0,3,23.761203249998392,,,,,,,,,,,,,,,,,,,,,,,,,,,,,,,,,,,,,,,,,,,,,,,,,,,,,,,,,,,,,,,,,,,,,,,,,,,,,,,,,,,,,,,,,,,,
-1.2365780000016093,1.574608499996364,1.745733499996364,2.0845459999963643,2.921638750001788,3.217138750001788,3.508701250001788,5.267543999999762,5.3256689999997615,5.400418999999761,6.346762749999762,6.6571377499997615,6.755700249999761,7.492761749997735,8.811730499997735,8.871667999997735,9.81422950000316,10.36788575000316,11.03729200000316,11.51219825000316,11.91797950000316,12.02022950000316,12.129635750003159,12.549634750001132,13.622916000001133,16.137758749999104,18.34897649999708,20.509694250002504,22.500255750000477,23.260787000000477,23.795130750000478,,,,,,,,,,,,,,,,,0,3,,,,,,,,,,,,,,,,,,,,,,,,,,,,,,,,,,,,,,,,,,,,,,,,,,,,,,,,,,,,,,,,,,,,,,,,,,,,,,,,,,,,,,,,,,,,,
-1.9543067499995233,-1.7282442499995232,-1.7047442499995231,0.3388797499984503,0.6683484999984503,0.9580662499964238,1.0115349999964238,3.2276912499964237,3.5089402500018476,4.128815250001848,4.320502750001848,5.106627750001848,5.761252750001848,6.157220499999821,6.669657999999822,6.800376749999821,6.996376749999821,7.5223142499998215,7.545032999999822,7.6521579999998215,7.814439249999821,8.30915799999982,8.387782999999821,8.422344499997795,8.719656999997795,10.510344499997794,11.87590600000322,11.979968500003219,12.120968500003219,13.560123750001193,14.495592500001193,14.680498750001192,15.552311250001193,15.712905000001193,16.349653999999166,17.052935249999166,17.243497749999165,17.698685249999166,17.763810249999164,22.548277000002564,23.027214500002565,23.126870750002563,23.238777000002564,,,,,0,3,,,,,,,,,,,,,,,,,,,,,,,,,,,,,,,,,,,,,,,,,,,,,,,,,,,,,,,,,,,,,,,,,,,,,,,,,,,,,,,,,,,,,,,,,,,,,
-0.26800625000149014,0.5310874999985099,1.1300562499985098,1.1579937499985098,1.19793124999851,1.6939937499985098,1.97955624999851,2.3738989999964835,4.398492749996484,6.1542417500019075,6.617054250001908,7.899771999999881,8.39817824999988,10.959958499997855,11.629052249997855,12.073863750003278,12.489051250003278,13.379707500003278,13.614270000003279,16.562175250001253,17.515361749999226,17.884017999999227,17.902080499999226,18.379017999999224,18.863049249999225,19.329236749999225,19.717235749997197,20.0186732499972,20.3488919999972,20.613548249997198,21.5093919999972,22.898547250002622,23.792609750002622,23.98857850000262,,,,,,,,,,,,,,0,3,,,,,,,,,,,,,,,,,,,,,,,,,,,,,,,,,,,,,,,,,,,,,,,,,,,,,,,,,,,,,,,,,,,,,,,,,,,,,,,,,,,,,,,,,,,,,
-1.700578749999404,-1.5978599999994039,-1.504734999999404,-1.304047499999404,-0.843672499999404,0.324108750000596,1.3870139999985696,1.4272014999985694,1.4998264999985695,1.7164514999985694,2.5059514999985697,4.2935754999965425,4.946856749996543,5.100231749996543,5.180387999996543,5.306262999996543,5.809324500001967,5.940387000001967,6.470074500001967,7.231137000001967,7.486230750001967,9.264917249999941,10.62710474999994,11.153603749997913,11.588353749997914,11.815353749997914,12.249603749997913,12.591791249997915,12.881384999997914,13.418884000003338,14.298571500003337,15.171227750003338,15.268227750003337,15.362821500003339,16.36428925000131,16.70300800000131,17.37300800000131,18.14457050000131,18.371319499999284,18.455975749999286,18.783506999999286,18.992819499999285,19.017069499999284,19.791131999999283,19.939881999999283,20.676631999999284,20.800162249997257,0,3,22.27722474999726,22.49194349999726,23.628067500002683,,,,,,,,,,,,,,,,,,,,,,,,,,,,,,,,,,,,,,,,,,,,,,,,,,,,,,,,,,,,,,,,,,,,,,,,,,,,,,,,,,,,,,,,,,
-1.9663074999973178,-1.1820887499973178,-0.6166209999993444,-0.28396474999934435,0.32109775000065566,0.46000400000065567,1.1747227500006556,2.9475029999986293,3.5121279999986292,4.833158249996602,4.844033249996603,5.921283249996603,7.370751000002026,8.063907250002027,8.747032250002027,9.6443125,11.0505625,11.37825,11.620217749997973,13.092623999997974,13.481342749997973,13.708780249997973,14.592966750003397,14.683279250003398,15.581716750003398,15.728091750003397,16.45124700000137,17.59562200000137,18.08309075000137,18.173965750001372,18.27571575000137,18.29196575000137,18.950245999999343,19.012558499999344,19.065964749999345,19.415902249999345,19.559995999999344,20.531870999999345,20.995339749999346,21.55649499999732,21.806869999997318,22.234432499997318,22.349682499997318,23.40058874999732,,,,0,3,,,,,,,,,,,,,,,,,,,,,,,,,,,,,,,,,,,,,,,,,,,,,,,,,,,,,,,,,,,,,,,,,,,,,,,,,,,,,,,,,,,,,,,,,,,,,
-1.1625059999972582,-0.20481849999725818,-0.026318499997258188,2.0445555000007154,2.3574305000007154,2.5324305000007152,3.794554499998689,4.222304499998689,4.818023249998689,4.857241999998688,4.943179499998688,6.271272249996662,6.450553499996662,6.524178499996662,6.565834749996662,7.108647249996662,7.3691784999966625,8.557708750002087,8.811427500002086,8.988802500002086,9.399052500002087,9.474771250002085,9.657958750002086,9.752115000002085,9.795552500002087,12.50192650000006,13.441581749998033,13.781175499998033,14.269800499998032,18.733736000001432,19.21151725000143,20.646609999999406,22.132766249999403,22.573328749999405,,,,,,,,,,,,,,0,3,,,,,,,,,,,,,,,,,,,,,,,,,,,,,,,,,,,,,,,,,,,,,,,,,,,,,,,,,,,,,,,,,,,,,,,,,,,,,,,,,,,,,,,,,,,,,
-1.9768597500026226,-0.5452044999971986,1.8326070000007748,2.241325750000775,3.881762249998748,5.2055122499987485,6.041793499998748,7.299511249996722,7.358292499996722,8.891322750002146,9.413541500002145,10.131729000002146,11.48050925000012,12.84035300000012,14.686226999998093,14.787945749998093,15.495633249998093,16.039508249998093,17.422194750003516,17.924101000003517,20.704131250001492,21.420130249999463,21.715911499999464,22.380755249999464,22.923161499999463,23.087411499999465,23.146161499999465,23.189567749999462,23.221692749999463,23.361942749999464,23.847754249997436,,,,,,,,,,,,,,,,,0,3,,,,,,,,,,,,,,,,,,,,,,,,,,,,,,,,,,,,,,,,,,,,,,,,,,,,,,,,,,,,,,,,,,,,,,,,,,,,,,,,,,,,,,,,,,,,,
0.30790950000286105,2.118097000002861,2.1510960000008343,2.2113460000008343,2.2341585000008344,2.4437210000008345,3.1344710000008345,5.411751249998808,8.149156499996781,9.093406499996782,9.580031499996782,10.382436750002205,11.312968000002206,12.240904500000179,12.472654500000179,15.916590999998153,17.971871250003577,18.790340000003575,19.034246250003577,19.76033900000155,20.67077650000155,20.98402650000155,21.19896400000155,22.503775499999524,23.537275499999524,,,,,,,,,,,,,,,,,,,,,,,0,3,,,,,,,,,,,,,,,,,,,,,,,,,,,,,,,,,,,,,,,,,,,,,,,,,,,,,,,,,,,,,,,,,,,,,,,,,,,,,,,,,,,,,,,,,,,,,
-0.2818505000025034,-0.1764755000025034,0.6250557499974966,0.6881182499974966,1.5697422500029206,2.0554610000029205,2.2627735000029205,3.818022500000894,4.792053750000894,4.994678750000894,5.979990249998868,6.214833999998867,6.698396499998868,7.509177749998868,7.722927749998868,7.9412402499988675,8.385676749996842,8.486582999996841,9.62467674999684,10.23277049999684,10.506426749996841,10.680832999996841,10.860925750002265,11.071832000002265,11.778332000002266,12.070769500002266,12.173769500002265,12.426519500002264,13.590674750000238,13.689081000000238,14.532799750000239,15.589737250000239,15.672893500000239,16.08839249999821,16.301079999998212,16.465579999998212,16.512298749998212,17.030173749998212,17.12311124999821,17.180236249998213,18.311797750003635,18.373735250003637,18.401204000003634,19.102735250003636,19.181079000003635,19.874922750003638,22.07779675000161,0,3,22.18285925000161,23.00601550000161,23.17204675000161,23.427295749999583,23.600483249999584,,,,,,,,,,,,,,,,,,,,,,,,,,,,,,,,,,,,,,,,,,,,,,,,,,,,,,,,,,,,,,,,,,,,,,,,,,,,,,,,,,,,,,,,
-1.9673292500004171,-1.1582980000004173,-1.0117980000004172,-0.6942667500004173,-0.1490802500024438,0.2876384999975562,0.8032947499975562,0.8546697499975562,1.4527634999975563,1.4886072499975562,2.31954375000298,2.36245000000298,3.26532500000298,4.2833562500029805,4.547417750000954,4.594074000000954,5.426167750000953,6.011042750000954,6.139355250000953,7.305479249998927,7.635447999998927,7.840541749998927,7.891885499998927,10.3171032499969,11.042978249996901,11.5875407499969,12.591383500002324,12.724071000002324,14.318039750002324,15.118195000000298,15.358288750000298,15.423257500000298,15.487788750000298,17.229662749998273,17.90488149999827,18.06838149999827,18.15566274999827,18.31869399999827,19.759536750003697,19.973193000003697,20.770005500003695,20.844849250003694,20.987818000003696,21.354036750003697,23.313754500001668,23.764473250001668,,0,3,,,,,,,,,,,,,,,,,,,,,,,,,,,,,,,,,,,,,,,,,,,,,,,,,,,,,,,,,,,,,,,,,,,,,,,,,,,,,,,,,,,,,,,,,,,,,
-1.860932999998331,-1.1734652500003577,-0.4762465000003576,1.5055337499976158,2.740752499997616,2.8108462499976157,2.8268462499976157,5.850688000001013,6.288438000001014,7.377938000001013,8.832436999998986,9.205499499998986,9.666218249998987,11.497967249996961,11.91852974999696,12.98952974999696,13.168685000002384,13.335810000002384,13.568903750002384,13.768122500002384,13.923341250002384,14.516341250002384,15.132278750002385,15.831809000000357,16.04618400000036,16.289465250000358,16.573309000000357,16.746371500000357,17.388090250000356,18.480839249998333,20.904181999996304,21.366244499996306,22.388369499996305,22.485431999996305,23.276462250001728,,,,,,,,,,,,,0,3,,,,,,,,,,,,,,,,,,,,,,,,,,,,,,,,,,,,,,,,,,,,,,,,,,,,,,,,,,,,,,,,,,,,,,,,,,,,,,,,,,,,,,,,,,,,,
-1.8345689999982715,-1.7130064999982715,-1.2173189999982714,-0.403101250000298,-0.14169500000029803,0.819117499999702,0.955742499999702,2.6590539999976754,4.153866499997675,4.3939905000031,4.7665530000031,5.196115500003099,5.684740500003099,5.814959250003099,6.148834250003099,6.183334250003099,7.443145750001073,8.793333250001073,8.941520750001073,9.046052000001072,9.243239500001073,9.547175999999046,10.099144749999047,10.562738499999046,10.786175999999047,10.979394749999047,11.687300999999046,12.705737499997019,12.97929999999702,13.038893749997019,13.57473749999702,13.63901874999702,13.747956249997019,13.84939374999702,15.297986500002445,15.925049000002444,16.171111500002443,16.245986500002445,17.119391750000418,17.318173000000417,17.550860500000418,17.626173000000417,18.311923000000416,18.803641750000416,19.108454250000417,19.34539074999839,20.10039074999839,0,3,20.452609499998392,20.74757824999839,23.290264749996364,23.740420999996363,,,,,,,,,,,,,,,,,,,,,,,,,,,,,,,,,,,,,,,,,,,,,,,,,,,,,,,,,,,,,,,,,,,,,,,,,,,,,,,,,,,,,,,,,
-1.4176112499982119,-0.27257999999821186,0.5836377499997616,0.8616689999997615,4.028917999997735,4.420605499997735,5.130574249997735,7.590354500003159,8.346103500001133,8.743009750001132,9.094916000001133,9.435728500001133,9.564259750001133,15.16466399999708,16.792694250002505,17.563725500002505,17.738194250002504,19.361755750000476,20.135630750000477,20.92337974999845,21.82216099999845,23.588972499996423,23.896784999996424,,,,,,,,,,,,,,,,,,,,,,,,,0,3,,,,,,,,,,,,,,,,,,,,,,,,,,,,,,,,,,,,,,,,,,,,,,,,,,,,,,,,,,,,,,,,,,,,,,,,,,,,,,,,,,,,,,,,,,,,,
-0.5933797499984503,-0.27169224999845026,0.7344942499995232,0.8210254999995231,1.8983379999995231,1.929619249999523,2.795712999999523,12.444115249998868,12.470083999998867,12.520083999998867,12.553833999998867,13.708270499996841,17.312675750002263,20.243831000000238,21.478611249998213,21.56195499999821,,,,,,,,,,,,,,,,,,,,,,,,,,,,,,,,0,4,,,,,,,,,,,,,,,,,,,,,,,,,,,,,,,,,,,,,,,,,,,,,,,,,,,,,,,,,,,,,,,,,,,,,,,,,,,,,,,,,,,,,,,,,,,,,
-1.984952249996364,-1.8343897499963642,-1.8167647499963642,-0.7217969999983906,0.20198425000160933,0.7472030000016093,1.0484842500016094,3.9869519999995826,7.06029375000298,12.575760499998927,12.583572999998927,12.708791749998927,13.599322999998927,15.3606969999969,21.62803774999827,22.14278774999827,,,,,,,,,,,,,,,,,,,,,,,,,,,,,,,,0,4,,,,,,,,,,,,,,,,,,,,,,,,,,,,,,,,,,,,,,,,,,,,,,,,,,,,,,,,,,,,,,,,,,,,,,,,,,,,,,,,,,,,,,,,,,,,,
-0.9821819999963045,-0.19380699999630452,2.6946909999996422,5.392721249997615,9.62081400000304,9.94740775000304,9.96228275000304,12.243031750001013,13.487718249998986,13.632093249998986,14.015218249998986,15.83962349999696,15.94599849999696,15.966717249996961,18.249841250002383,18.681716250002385,19.678185000002383,20.044152750000357,20.874684000000357,21.637746500000357,21.662715250000357,22.870870499998333,22.926182999998332,23.28046424999833,23.70362049999833,23.717464249998333,,,,,,,,,,,,,,,,,,,,,,0,4,,,,,,,,,,,,,,,,,,,,,,,,,,,,,,,,,,,,,,,,,,,,,,,,,,,,,,,,,,,,,,,,,,,,,,,,,,,,,,,,,,,,,,,,,,,,,
-1.2569117500036955,-1.0630992500036955,-0.8907555000036955,-0.8043805000036955,-0.6830367500036955,-0.4274742500036955,-0.02525550000369549,0.005931999996304512,0.6556507499963045,1.1935560000017285,1.1963997500017285,2.9634310000017283,3.1282435000017283,3.2786497500017284,3.893867499999702,3.9389612499997018,4.060117499999702,4.613461249999702,4.656211249999702,4.837523749999702,4.853867499999702,6.4973352499976755,6.679678999997676,7.109585249997675,7.121647749997676,7.3475852499976755,7.616085249997675,8.037053999997676,9.1939905000031,9.224146750003099,14.292300999999046,14.967582249999046,15.722488499999047,15.724207249999047,15.729769749999047,17.54401874999702,17.61245624999702,17.82276874999702,18.07470624999702,19.698236500002444,20.972361500002442,21.119173000000416,21.133079250000417,21.314923000000416,21.716673000000416,21.736110500000418,21.746173000000418,0,4,22.485985500000417,23.114266750000418,,,,,,,,,,,,,,,,,,,,,,,,,,,,,,,,,,,,,,,,,,,,,,,,,,,,,,,,,,,,,,,,,,,,,,,,,,,,,,,,,,,,,,,,,,,
-0.6120467500016094,-0.38242175000160933,-0.36757800000160934,1.650764749996364,2.3545450000017882,2.362951250001788,2.575232500001788,2.828451250001788,2.863638750001788,3.044451250001788,3.132295000001788,3.439451250001788,3.632513750001788,3.973920000001788,4.020388750001788,4.781138750001788,4.875418999999762,4.987543999999762,4.999293999999762,5.9867627499997615,6.005887749999761,7.006418999999761,7.506917999997735,8.900949249997735,10.445073250003158,13.599759750001132,14.432259750001133,14.437384750001133,14.465384750001132,14.884664999999107,17.28797649999708,17.56247649999708,17.60575774999708,18.05141399999708,18.297476499997078,20.761975500002503,20.773975500002503,21.592694250002502,22.89563075000048,23.923599500000478,23.926099500000475,,,,,,,0,4,,,,,,,,,,,,,,,,,,,,,,,,,,,,,,,,,,,,,,,,,,,,,,,,,,,,,,,,,,,,,,,,,,,,,,,,,,,,,,,,,,,,,,,,,,,,,
-1.5927442499995232,-1.5268077500015498,-1.2750577500015496,-1.1671515000015498,-0.05602650000154972,0.08069224999845027,1.7808474999964237,2.5414724999964236,2.599659999996424,5.430565250001847,5.495846500001848,5.694846500001848,5.944314249999821,6.096564249999822,8.844500749997795,9.058281999997794,9.414031999997794,9.533344499997794,9.971281999997794,10.540344499997795,14.092873750001193,14.565311250001193,17.077153999999165,17.092716499999167,17.730341499999167,17.736935249999167,17.741310249999167,20.25652799999714,20.885777000002562,21.19365200000256,21.33083950000256,21.539620750002562,21.54927700000256,22.033402000002564,22.133589500002564,22.142745750002565,22.147214500002562,22.59765200000256,23.543963500000537,,,,,,,,,0,4,,,,,,,,,,,,,,,,,,,,,,,,,,,,,,,,,,,,,,,,,,,,,,,,,,,,,,,,,,,,,,,,,,,,,,,,,,,,,,,,,,,,,,,,,,,,,
-1.0312552499994636,-0.9043489999994636,-0.5460052499994635,-0.5293802499994635,0.22830624999850987,0.24171249999850988,0.5637124999985099,0.5659624999985099,0.5707437499985099,1.11174374999851,1.22111874999851,1.30139999999851,1.86305624999851,1.8768374999985098,2.00143124999851,2.9594302499964833,3.8370239999964832,4.414336499996483,4.416648999996483,5.283741750001908,6.119648000001908,6.127116750001908,6.131491750001907,6.246085500001907,6.6036480000019075,6.742179250001907,7.103490749999881,7.1205532499998805,7.13020949999988,7.1322719999998805,7.363709499999881,7.369271999999881,7.373990749999881,7.377021999999881,8.17730324999988,11.285895999997853,11.430677249997855,12.011520999997854,13.834801250003279,14.152520000003278,14.295363750003279,14.490551250003278,14.553082500003278,16.49676900000125,17.511111749999227,17.883924249999225,17.898861749999224,0,4,18.088017999999224,18.196674249999226,18.340611749999226,18.371236749999227,18.389549249999224,19.618048249997198,20.030641999997197,20.702485749997198,22.09870350000262,22.432172250002623,23.058641000002623,23.061828500002623,23.16539100000262,23.167328500002622,23.169984750002623,23.174047250002623,23.747672250002623,,,,,,,,,,,,,,,,,,,,,,,,,,,,,,,,,,,,,,,,,,,,,,,,,,,,,,,,,,,,,,,,,,,,,,,,,,,,
-1.5351724999994039,-1.520453749999404,-0.549141249999404,-0.41760999999940396,0.9819827499985695,1.8726077499985694,3.0245764999985694,3.4233567499965427,3.5608254999965427,3.952512999996543,4.032169249996543,4.458762999996543,4.781200499996543,4.801794249996543,4.850637999996543,6.4312307500019665,6.446074500001967,7.252637000001967,7.256574500001967,8.194199500001966,8.52785474999994,8.86897974999994,8.952198499999941,8.98741724999994,9.02291724999994,9.19822974999994,9.20354224999994,9.225792249999941,9.41132349999994,9.415698499999941,9.42347974999994,9.89941724999994,10.45891724999994,11.738447499997914,11.797572499997914,11.805853749997913,11.829447499997913,12.272009999997914,12.859478749997914,14.742227750003337,14.745384000003337,14.757102750003337,15.397696500003338,15.420196500003337,16.51525800000131,17.23291425000131,17.23697675000131,0,4,17.302289250001312,17.41519550000131,17.46210175000131,17.50919550000131,17.578133000001312,17.58435175000131,19.000475749999286,20.191506999999284,21.153037249997258,21.15556849999726,21.172005999997257,22.43591224999726,22.49850599999726,23.51081750000268,23.526317500002683,23.72263000000268,,,,,,,,,,,,,,,,,,,,,,,,,,,,,,,,,,,,,,,,,,,,,,,,,,,,,,,,,,,,,,,,,,,,,,,,,,,,,
0.45375400000065563,0.5574727500006557,0.6416602500006556,0.6490977500006556,0.6686602500006557,0.6791602500006556,1.0722852500006557,1.0929102500006556,1.1162540000006556,1.1185352500006556,1.1223790000006557,2.412127999998629,2.999190499998629,3.007127999998629,3.295784249998629,6.217845749996602,6.330939499996602,6.397095749996603,7.283032250002027,7.302469750002026,7.394938500002026,7.499469750002026,7.511001000002026,7.787532250002027,7.790282250002027,7.797751000002027,8.410282250002027,9.2375,9.53075,12.745467749997973,12.791248999997974,14.810998000003398,15.371560500003397,16.56618450000137,17.73624700000137,18.01462200000137,18.019528250001372,18.09246575000137,18.10149700000137,18.10580950000137,18.61809075000137,20.037714749999346,20.483714749999343,21.543838749997317,22.694026249997318,,,0,4,,,,,,,,,,,,,,,,,,,,,,,,,,,,,,,,,,,,,,,,,,,,,,,,,,,,,,,,,,,,,,,,,,,,,,,,,,,,,,,,,,,,,,,,,,,,,
-0.11594349999725818,0.47039925000071525,2.560868000000715,7.014740999996662,7.087084749996662,7.938083750002086,7.966333750002086,7.982677500002086,9.519240000002085,9.530271250002086,9.664677500002087,9.802021250002086,9.867833750002086,9.957427500002087,9.960865000002086,9.968302500002086,10.309301500000059,10.39183275000006,10.52720775000006,10.91861400000006,10.92145775000006,11.05339525000006,11.06548900000006,11.07992650000006,11.08255150000006,11.54445775000006,13.138144249998033,13.978831749998033,15.421674500003457,15.434362000003457,15.439080750003457,15.449268250003458,15.935487000003457,15.937768250003456,15.940799500003457,15.952580750003458,15.971518250003458,15.982049500003457,15.986768250003458,15.992112000003457,15.994205750003458,16.003143250003458,16.160612000003457,16.161705750003456,16.413580750003458,19.17382975000143,19.26579850000143,0,4,19.26673600000143,19.31123600000143,19.31942350000143,19.589361000001432,19.680111000001432,19.69442350000143,19.706548500001432,19.71582975000143,19.807954750001432,20.464453749999404,20.521234999999404,20.543578749999405,20.550859999999403,22.285953749999404,22.352016249999405,22.939108999997377,,,,,,,,,,,,,,,,,,,,,,,,,,,,,,,,,,,,,,,,,,,,,,,,,,,,,,,,,,,,,,,,,,,,,,,,,,,,,
0.3337642500028014,0.6273892500028014,0.7527955000028014,1.0784517500028015,1.1224517500028015,1.3091695000007748,3.9772622499987484,6.139012249998748,6.249887249998748,6.754261249996722,6.820011249996722,6.882542499996722,6.901667499996722,8.066229999996722,8.082104999996721,8.453854999996722,8.953479000002146,8.958354000002146,9.617385250002146,9.726447750002146,9.746854000002147,9.935729000002146,9.957260250002145,10.135729000002145,10.195572750002146,12.493540500000119,13.08532175000012,13.223509250000118,13.791476999998093,14.997883249998093,15.011164499998092,15.741476999998092,15.837883249998093,15.969414499998093,16.263476000003518,16.267038500003515,16.514382250003518,16.748382250003516,17.235788500003515,17.546226000003518,18.002413500003517,18.88241250000149,18.89575625000149,18.91950625000149,19.06497500000149,19.47075625000149,19.51519375000149,0,4,19.96328750000149,20.08041250000149,20.08344375000149,20.21681875000149,21.434692749999464,22.127786499999463,,,,,,,,,,,,,,,,,,,,,,,,,,,,,,,,,,,,,,,,,,,,,,,,,,,,,,,,,,,,,,,,,,,,,,,,,,,,,,,,,,,,,,,
-1.134714500002563,-1.119152000002563,-0.770089500002563,-0.767433250002563,-0.737339500002563,-0.645245750002563,0.656472000002861,1.5134095000028611,2.068159500002861,2.2084397500008346,2.2268772500008343,2.3099397500008343,2.4248772500008346,2.4869085000008346,2.6528460000008343,3.5945022500008346,5.136532499998808,5.147469999998808,5.634688749998808,6.667313749998808,8.96228149999678,9.965905500002206,9.975280500002205,10.868124250002205,11.331186750002205,11.338405500002205,11.346655500002205,11.832530500002205,11.839218000002205,11.840718000002205,12.363279500000179,12.670748250000178,12.807248250000178,14.666778499998152,14.669590999998153,14.690715999998153,14.691497249998152,14.694997249998153,15.875559749998152,15.881153499998153,16.572965999998154,16.637184749998152,17.386652500003578,17.945152500003577,17.960965000003576,18.271777500003576,18.279433750003577,0,4,18.431527500003575,18.524683750003575,18.531558750003576,18.533183750003577,18.895152500003576,19.319183750003575,19.56768275000155,19.56940150000155,19.573557750001548,19.89733900000155,19.89896400000155,19.90237025000155,19.94433900000155,20.07046400000155,20.27393275000155,20.27821400000155,20.49980775000155,20.63987025000155,21.81399525000155,21.81621400000155,21.94724525000155,21.96171400000155,22.433962999999522,22.471744249999524,22.836994249999524,23.031681749999525,23.06365049999952,23.144400499999524,23.833087999999524,,,,,,,,,,,,,,,,,,,,,,,,,,,,,,,,,,,,,,,,,,,,,,,,,,,,,,,,,,,,,,,,
-1.4184130000025035,-1.2552567500025034,-0.4320692500025034,0.1461807499974966,0.9625860000029206,1.4555860000029206,1.4759610000029206,1.5750235000029207,1.7828360000029206,1.8935547500029206,2.489117250002921,2.8694922500029207,3.1983047500029205,4.157928750000894,4.576397500000894,4.706022500000894,5.324522500000894,5.534553750000894,6.571427749998867,6.940302749998867,7.816208999998867,7.8197714999988674,7.826052749998867,7.836396499998868,7.871396499998868,8.499926749996842,9.346020499996841,9.379082999996841,9.54145799999684,10.404832999996842,11.597832000002265,11.608207000002265,13.64936225000024,14.266393500000238,14.269987250000238,14.277581000000238,14.638518500000238,14.939987250000238,17.07948624999821,17.08342374999821,17.44292374999821,17.82242374999821,17.967486249998213,18.06179874999821,18.069486249998214,18.071767499998213,19.388047750003636,0,4,19.948579000003637,20.459172750003635,20.481329000003637,20.587422750003636,20.91554675000161,20.94151550000161,21.24267175000161,21.24373425000161,21.24689050000161,21.250390500001608,21.25273425000161,23.378733249999584,23.935264499999583,,,,,,,,,,,,,,,,,,,,,,,,,,,,,,,,,,,,,,,,,,,,,,,,,,,,,,,,,,,,,,,,,,,,,,,,,,,,,,,,
-1.5515480000004171,-1.5423292500004173,-1.1038605000004171,-0.6478292500004172,0.32132599999755623,0.3499197499975562,0.3806384999975562,0.3843572499975562,0.6424822499975562,0.7160759999975562,1.5102634999975562,1.7254197499975563,1.729513499997556,1.8225134999975563,2.1121062500029804,2.1292937500029803,2.24413750000298,2.3661062500029804,3.1843562500029803,3.2614500000029802,5.636636500000954,5.948980250000954,6.961729249998927,6.973260499998927,7.003197999998927,7.271885499998927,7.414979249998927,7.5398854999989275,7.603572999998927,8.415135499998927,9.4966032499969,9.5032594999969,9.7308219999969,9.782009499996901,9.794103249996901,9.8388532499969,9.8421344999969,10.2149469999969,11.377853249996901,11.394384499996901,12.405821000002325,12.643789750002325,12.697258500002324,13.463133500002325,14.944445000000298,15.049288750000297,15.059507500000297,0,4,15.269507500000298,16.521945000000297,17.134693999998273,17.275068999998272,17.296537749998272,17.73091274999827,17.73891274999827,19.07122524999827,20.781568000003695,20.802255500003696,21.252724250003695,22.81234825000167,22.861692000001668,22.86384825000167,22.998098250001668,23.12256700000167,23.29403575000167,23.68437950000167,23.70253575000167,23.807473250001667,23.86850450000167,,,,,,,,,,,,,,,,,,,,,,,,,,,,,,,,,,,,,,,,,,,,,,,,,,,,,,,,,,,,,,,,,,,,,,,,
-1.4266840000003576,-0.7515590000003576,-0.7448715000003576,0.011659749999642373,0.02478474999964237,0.03531599999964237,0.044222249999642374,0.35012849999964235,0.47472224999964235,0.5289409999996424,1.1735962499976158,1.3926587499976157,1.861814999997616,1.8940962499976157,2.015221249997616,2.0263462499976157,2.049346249997616,2.060033749997616,2.3929712499976157,4.23025150000304,4.23453275000304,4.23950150000304,5.23065775000304,5.26631400000304,6.060938000001014,6.0797192500010135,6.438500500001013,6.541344250001013,6.705625500001013,8.133969250001014,8.564561999998986,8.947718249998987,8.951030749998987,9.341280749998987,10.512374499998987,10.530905749998986,10.600655749998987,10.624686999998987,11.83731099999696,12.00271724999696,14.039560000002384,14.749247500002385,14.823060000002384,14.902997500002384,15.262872500002384,15.274028750002385,15.324060000002385,0,4,16.43246525000036,16.529402750000358,16.53837150000036,16.54515275000036,16.583684000000357,16.73896525000036,16.74824650000036,16.766996500000356,16.776746500000357,16.824059000000357,16.834871500000357,16.839434000000356,16.88815275000036,16.899621500000357,16.90527775000036,16.91909025000036,16.92568400000036,16.93305900000036,17.05943400000036,17.19524650000036,17.20859025000036,17.28777775000036,17.873652750000357,18.45705799999833,18.576089249998333,18.578370499998332,18.63993299999833,19.672870499998332,21.184494499996305,21.201088249996303,21.229088249996305,21.895588249996305,22.038213249996303,22.628463249996305,22.665431999996304,22.714244499996305,22.803494499996305,22.840744499996305,23.057494499996306,23.29552475000173,23.312243500001728,23.326837250001727,23.331774750001728,23.34421225000173,23.438181000001727,23.51889975000173,23.54493100000173,23.899868500001727,23.992962250001728,,,,,,,,,,,,,,,,,,,,,,,,,,,,,,,,,,,,,,,,,,,,
-1.9353814999982715,-1.7748814999982714,0.875179999999702,0.892304999999702,0.896929999999702,0.977367499999702,1.039086249999702,1.630617499999702,2.0488977499976753,2.2878977499976756,2.3394914999976755,2.7433352499976755,3.2311164999976754,3.3332727499976755,4.7315217500030995,5.353678000003099,5.3712717500031,5.3756780000030995,5.383459250003099,5.389240500003099,5.789865500003099,6.327115500003099,7.125458250001073,7.1517082500010725,7.160739500001073,8.254395750001073,9.738582249999046,9.743582249999047,10.038363499999047,10.419300999999047,10.427394749999046,10.899894749999046,10.907894749999047,11.159425999999046,11.622269749999047,11.626644749999047,12.79729999999702,12.92854999999702,12.93851874999702,12.94895624999702,12.95261249999702,13.639174999997019,14.03614374999702,14.23398749999702,14.598017750002445,15.238517750002444,15.850986500002444,0,4,16.004892750002444,16.204424000002444,16.208455250002444,16.336892750002445,16.892954250000418,17.321391750000416,17.37054800000042,17.431516750000416,18.051485500000418,19.225173000000417,20.335703249998392,20.42092199999839,20.429921999998392,20.66539074999839,20.67442199999839,20.915046999998392,21.07126574999839,21.17020324999839,21.173890749998392,21.20251574999839,22.093514749996363,22.103545999996363,22.116108499996365,22.122045999996363,22.126670999996364,22.129795999996364,22.929452249996363,22.936202249996363,22.965077249996366,23.658327249996365,,,,,,,,,,,,,,,,,,,,,,,,,,,,,,,,,,,,,,,,,,,,,,,,,,,,,,,,,,,,,,,
-0.9083612499982119,-0.8968924999982119,0.15473250000178815,0.45138875000178813,0.46057625000178815,1.2107314999997616,1.2610439999997616,1.2691377499997616,1.3520127499997616,1.5807627499997616,1.8461689999997615,1.8707314999997615,1.9074502499997616,3.811042999997735,7.294167000003159,7.554510750003159,8.687572250001132,10.292353500001132,10.977821249999106,12.039789999999106,12.423508749999106,12.470852499999106,12.979320249997079,13.77697649999708,14.47175774999708,15.545413000002503,16.106725500002504,16.201881750002503,16.466881750002504,16.981694250002505,17.246569250002505,17.324788000002503,18.015537000000478,18.122412000000477,18.33147450000048,18.581412000000476,18.818974500000476,19.100162000000477,19.141880750000478,19.318724500000478,19.462318250000475,19.483505750000475,19.65734950000048,19.910724500000477,20.277849500000478,20.320943250000475,20.363724500000476,0,4,20.410224500000478,20.53991099999845,20.55559849999845,20.61253599999845,20.73937974999845,20.75206724999845,21.27206724999845,21.38237974999845,21.38878599999845,21.43044224999845,21.51169224999845,21.55097349999845,21.56184849999845,21.573973499998452,21.61537974999845,21.86587974999845,21.881817249998452,21.88416099999845,21.98916099999845,22.01369224999845,22.01600474999845,22.35025474999845,22.46000474999845,22.48397349999845,22.69169224999845,22.69487974999845,23.059941249996424,23.159191249996425,23.595691249996424,23.620597499996425,23.737034999996425,23.778441249996423,23.838878749996425,,,,,,,,,,,,,,,,,,,,,,,,,,,,,,,,,,,,,,,,,,,,,,,,,,,,,,,,,,,,
